"STATION","NAME","DATE","TAVG","TMAX","TMIN"
"PKM00041780","JINNAH INTERNATIONAL, PK","2021-01-01","60",,
"PKM00041780","JINNAH INTERNATIONAL, PK","2021-01-02","60",,
"PKM00041780","JINNAH INTERNATIONAL, PK","2021-01-03","62",,
"PKM00041780","JINNAH INTERNATIONAL, PK","2021-01-04","63",,
"PKM00041780","JINNAH INTERNATIONAL, PK","2021-01-05","67",,
"PKM00041780","JINNAH INTERNATIONAL, PK","2021-01-06","64",,
"PKM00041780","JINNAH INTERNATIONAL, PK","2021-01-07","64",,
"PKM00041780","JINNAH INTERNATIONAL, PK","2021-01-08","60",,
"PKM00041780","JINNAH INTERNATIONAL, PK","2021-01-09","61",,
"PKM00041780","JINNAH INTERNATIONAL, PK","2021-01-10","60",,
"PKM00041780","JINNAH INTERNATIONAL, PK","2021-01-11","62",,
"PKM00041780","JINNAH INTERNATIONAL, PK","2021-01-12","65",,
"PKM00041780","JINNAH INTERNATIONAL, PK","2021-01-13","64",,
"PKM00041780","JINNAH INTERNATIONAL, PK","2021-01-14","65",,
"PKM00041780","JINNAH INTERNATIONAL, PK","2021-01-15","65",,
"PKM00041780","JINNAH INTERNATIONAL, PK","2021-01-16","64",,
"PKM00041780","JINNAH INTERNATIONAL, PK","2021-01-17","65",,
"PKM00041780","JINNAH INTERNATIONAL, PK","2021-01-18","65",,
"PKM00041780","JINNAH INTERNATIONAL, PK","2021-01-19","66",,
"PKM00041780","JINNAH INTERNATIONAL, PK","2021-01-20","67",,
"PKM00041780","JINNAH INTERNATIONAL, PK","2021-01-21","69","84","54"
"PKM00041780","JINNAH INTERNATIONAL, PK","2021-01-22","75",,
"PKM00041780","JINNAH INTERNATIONAL, PK","2021-01-23","70",,
"PKM00041780","JINNAH INTERNATIONAL, PK","2021-01-24","63","81",
"PKM00041780","JINNAH INTERNATIONAL, PK","2021-01-25","63",,
"PKM00041780","JINNAH INTERNATIONAL, PK","2021-01-26","64",,"47"
"PKM00041780","JINNAH INTERNATIONAL, PK","2021-01-27","65",,
"PKM00041780","JINNAH INTERNATIONAL, PK","2021-01-28","64",,
"PKM00041780","JINNAH INTERNATIONAL, PK","2021-01-29","66",,
"PKM00041780","JINNAH INTERNATIONAL, PK","2021-01-30","67",,
"PKM00041780","JINNAH INTERNATIONAL, PK","2021-01-31","70",,
"PKM00041780","JINNAH INTERNATIONAL, PK","2021-02-01","71",,
"PKM00041780","JINNAH INTERNATIONAL, PK","2021-02-02","71",,
"PKM00041780","JINNAH INTERNATIONAL, PK","2021-02-03","70",,"58"
"PKM00041780","JINNAH INTERNATIONAL, PK","2021-02-04","69",,
"PKM00041780","JINNAH INTERNATIONAL, PK","2021-02-05","69",,"54"
"PKM00041780","JINNAH INTERNATIONAL, PK","2021-02-06","67",,"52"
"PKM00041780","JINNAH INTERNATIONAL, PK","2021-02-07","68",,
"PKM00041780","JINNAH INTERNATIONAL, PK","2021-02-08","70",,
"PKM00041780","JINNAH INTERNATIONAL, PK","2021-02-09","70",,
"PKM00041780","JINNAH INTERNATIONAL, PK","2021-02-10","73",,
"PKM00041780","JINNAH INTERNATIONAL, PK","2021-02-13","78",,
"PKM00041780","JINNAH INTERNATIONAL, PK","2021-02-14","76",,
"PKM00041780","JINNAH INTERNATIONAL, PK","2021-02-15","74",,"62"
"PKM00041780","JINNAH INTERNATIONAL, PK","2021-02-16","74",,
"PKM00041780","JINNAH INTERNATIONAL, PK","2021-02-17","73",,
"PKM00041780","JINNAH INTERNATIONAL, PK","2021-02-18","74",,
"PKM00041780","JINNAH INTERNATIONAL, PK","2021-02-21","76",,
"PKM00041780","JINNAH INTERNATIONAL, PK","2021-02-22","77",,"60"
"PKM00041780","JINNAH INTERNATIONAL, PK","2021-02-23","76",,
"PKM00041780","JINNAH INTERNATIONAL, PK","2021-02-24","77",,
"PKM00041780","JINNAH INTERNATIONAL, PK","2021-02-25","79",,"71"
"PKM00041780","JINNAH INTERNATIONAL, PK","2021-02-26","80",,
"PKM00041780","JINNAH INTERNATIONAL, PK","2021-02-27","80",,
"PKM00041780","JINNAH INTERNATIONAL, PK","2021-02-28","80",,
"PKM00041780","JINNAH INTERNATIONAL, PK","2021-03-01","77",,"61"
"PKM00041780","JINNAH INTERNATIONAL, PK","2021-03-02","77",,
"PKM00041780","JINNAH INTERNATIONAL, PK","2021-03-03","79",,
"PKM00041780","JINNAH INTERNATIONAL, PK","2021-03-04","80",,
"PKM00041780","JINNAH INTERNATIONAL, PK","2021-03-05","81",,
"PKM00041780","JINNAH INTERNATIONAL, PK","2021-03-06","80",,"69"
"PKM00041780","JINNAH INTERNATIONAL, PK","2021-03-07","80",,"72"
"PKM00041780","JINNAH INTERNATIONAL, PK","2021-03-08","80",,
"PKM00041780","JINNAH INTERNATIONAL, PK","2021-03-09","80",,
"PKM00041780","JINNAH INTERNATIONAL, PK","2021-03-10","79",,
"PKM00041780","JINNAH INTERNATIONAL, PK","2021-03-11","78",,
"PKM00041780","JINNAH INTERNATIONAL, PK","2021-03-12","80",,
"PKM00041780","JINNAH INTERNATIONAL, PK","2021-03-13","83",,
"PKM00041780","JINNAH INTERNATIONAL, PK","2021-03-14","81",,
"PKM00041780","JINNAH INTERNATIONAL, PK","2021-03-15","82",,
"PKM00041780","JINNAH INTERNATIONAL, PK","2021-03-16","83",,
"PKM00041780","JINNAH INTERNATIONAL, PK","2021-03-17","82",,
"PKM00041780","JINNAH INTERNATIONAL, PK","2021-03-18","80",,
"PKM00041780","JINNAH INTERNATIONAL, PK","2021-03-19","83",,
"PKM00041780","JINNAH INTERNATIONAL, PK","2021-03-20","83",,
"PKM00041780","JINNAH INTERNATIONAL, PK","2021-03-21","82",,
"PKM00041780","JINNAH INTERNATIONAL, PK","2021-03-22","82",,
"PKM00041780","JINNAH INTERNATIONAL, PK","2021-03-23","80",,
"PKM00041780","JINNAH INTERNATIONAL, PK","2021-03-24","83",,
"PKM00041780","JINNAH INTERNATIONAL, PK","2021-03-25","86",,
"PKM00041780","JINNAH INTERNATIONAL, PK","2021-03-26","86",,"68"
"PKM00041780","JINNAH INTERNATIONAL, PK","2021-03-27","86",,
"PKM00041780","JINNAH INTERNATIONAL, PK","2021-03-28","84",,
"PKM00041780","JINNAH INTERNATIONAL, PK","2021-03-29","82",,
"PKM00041780","JINNAH INTERNATIONAL, PK","2021-03-30","88",,
"PKM00041780","JINNAH INTERNATIONAL, PK","2021-03-31","92",,
"PKM00041780","JINNAH INTERNATIONAL, PK","2021-04-01","90",,
"PKM00041780","JINNAH INTERNATIONAL, PK","2021-04-02","87",,
"PKM00041780","JINNAH INTERNATIONAL, PK","2021-04-03","91",,
"PKM00041780","JINNAH INTERNATIONAL, PK","2021-04-04","85",,
"PKM00041780","JINNAH INTERNATIONAL, PK","2021-04-05","85",,
"PKM00041780","JINNAH INTERNATIONAL, PK","2021-04-06","85",,
"PKM00041780","JINNAH INTERNATIONAL, PK","2021-04-07","89",,
"PKM00041780","JINNAH INTERNATIONAL, PK","2021-04-08","86",,
"PKM00041780","JINNAH INTERNATIONAL, PK","2021-04-09","85",,
"PKM00041780","JINNAH INTERNATIONAL, PK","2021-04-10","89",,"76"
"PKM00041780","JINNAH INTERNATIONAL, PK","2021-04-11","89",,
"PKM00041780","JINNAH INTERNATIONAL, PK","2021-04-12","87",,
"PKM00041780","JINNAH INTERNATIONAL, PK","2021-04-13","84",,
"PKM00041780","JINNAH INTERNATIONAL, PK","2021-04-14","83",,
"PKM00041780","JINNAH INTERNATIONAL, PK","2021-04-15","84",,
"PKM00041780","JINNAH INTERNATIONAL, PK","2021-04-16","86",,
"PKM00041780","JINNAH INTERNATIONAL, PK","2021-04-17","86",,
"PKM00041780","JINNAH INTERNATIONAL, PK","2021-04-18","87",,
"PKM00041780","JINNAH INTERNATIONAL, PK","2021-04-19","86",,
"PKM00041780","JINNAH INTERNATIONAL, PK","2021-04-20","87",,
"PKM00041780","JINNAH INTERNATIONAL, PK","2021-04-21","87",,
"PKM00041780","JINNAH INTERNATIONAL, PK","2021-04-22","87",,
"PKM00041780","JINNAH INTERNATIONAL, PK","2021-04-23","90",,
"PKM00041780","JINNAH INTERNATIONAL, PK","2021-04-24","90",,
"PKM00041780","JINNAH INTERNATIONAL, PK","2021-04-25","89",,"78"
"PKM00041780","JINNAH INTERNATIONAL, PK","2021-04-26","88",,
"PKM00041780","JINNAH INTERNATIONAL, PK","2021-04-27","87",,
"PKM00041780","JINNAH INTERNATIONAL, PK","2021-04-28","87",,
"PKM00041780","JINNAH INTERNATIONAL, PK","2021-04-29","87",,
"PKM00041780","JINNAH INTERNATIONAL, PK","2021-04-30","89",,
"PKM00041780","JINNAH INTERNATIONAL, PK","2021-05-01","89",,
"PKM00041780","JINNAH INTERNATIONAL, PK","2021-05-02","88",,
"PKM00041780","JINNAH INTERNATIONAL, PK","2021-05-03","88",,
"PKM00041780","JINNAH INTERNATIONAL, PK","2021-05-04","88",,
"PKM00041780","JINNAH INTERNATIONAL, PK","2021-05-05","89",,
"PKM00041780","JINNAH INTERNATIONAL, PK","2021-05-06","89",,
"PKM00041780","JINNAH INTERNATIONAL, PK","2021-05-07","89",,
"PKM00041780","JINNAH INTERNATIONAL, PK","2021-05-08","90",,
"PKM00041780","JINNAH INTERNATIONAL, PK","2021-05-09","90",,
"PKM00041780","JINNAH INTERNATIONAL, PK","2021-05-10","89",,
"PKM00041780","JINNAH INTERNATIONAL, PK","2021-05-11","88",,
"PKM00041780","JINNAH INTERNATIONAL, PK","2021-05-12","88",,
"PKM00041780","JINNAH INTERNATIONAL, PK","2021-05-13","89",,
"PKM00041780","JINNAH INTERNATIONAL, PK","2021-05-14","89",,
"PKM00041780","JINNAH INTERNATIONAL, PK","2021-05-15","90",,
"PKM00041780","JINNAH INTERNATIONAL, PK","2021-05-16","98",,
"PKM00041780","JINNAH INTERNATIONAL, PK","2021-05-17","101",,
"PKM00041780","JINNAH INTERNATIONAL, PK","2021-05-18","93","107",
"PKM00041780","JINNAH INTERNATIONAL, PK","2021-05-19","93",,
"PKM00041780","JINNAH INTERNATIONAL, PK","2021-05-20","90",,"84"
"PKM00041780","JINNAH INTERNATIONAL, PK","2021-05-21","90",,
"PKM00041780","JINNAH INTERNATIONAL, PK","2021-05-22","91",,
"PKM00041780","JINNAH INTERNATIONAL, PK","2021-05-23","91",,
"PKM00041780","JINNAH INTERNATIONAL, PK","2021-05-24","90",,
"PKM00041780","JINNAH INTERNATIONAL, PK","2021-05-25","90",,
"PKM00041780","JINNAH INTERNATIONAL, PK","2021-05-26","91",,
"PKM00041780","JINNAH INTERNATIONAL, PK","2021-05-27","91",,
"PKM00041780","JINNAH INTERNATIONAL, PK","2021-05-28","90",,
"PKM00041780","JINNAH INTERNATIONAL, PK","2021-05-29","90",,
"PKM00041780","JINNAH INTERNATIONAL, PK","2021-05-30","90",,
"PKM00041780","JINNAH INTERNATIONAL, PK","2021-05-31","91","100",
"PKM00041780","JINNAH INTERNATIONAL, PK","2021-06-01","90",,
"PKM00041780","JINNAH INTERNATIONAL, PK","2021-06-02","90","97","85"
"PKM00041780","JINNAH INTERNATIONAL, PK","2021-06-03","90",,
"PKM00041780","JINNAH INTERNATIONAL, PK","2021-06-04","90",,
"PKM00041780","JINNAH INTERNATIONAL, PK","2021-06-05","90",,
"PKM00041780","JINNAH INTERNATIONAL, PK","2021-06-06","91",,
"PKM00041780","JINNAH INTERNATIONAL, PK","2021-06-07","91",,
"PKM00041780","JINNAH INTERNATIONAL, PK","2021-06-08","90",,
"PKM00041780","JINNAH INTERNATIONAL, PK","2021-06-09","89",,
"PKM00041780","JINNAH INTERNATIONAL, PK","2021-06-10","90",,
"PKM00041780","JINNAH INTERNATIONAL, PK","2021-06-11","89",,
"PKM00041780","JINNAH INTERNATIONAL, PK","2021-06-12","89",,
"PKM00041780","JINNAH INTERNATIONAL, PK","2021-06-13","90",,
"PKM00041780","JINNAH INTERNATIONAL, PK","2021-06-14","89",,
"PKM00041780","JINNAH INTERNATIONAL, PK","2021-06-15","90",,
"PKM00041780","JINNAH INTERNATIONAL, PK","2021-06-16","90",,
"PKM00041780","JINNAH INTERNATIONAL, PK","2021-06-17","91",,
"PKM00041780","JINNAH INTERNATIONAL, PK","2021-06-18","92",,
"PKM00041780","JINNAH INTERNATIONAL, PK","2021-06-19","91",,
"PKM00041780","JINNAH INTERNATIONAL, PK","2021-06-20","90",,
"PKM00041780","JINNAH INTERNATIONAL, PK","2021-06-21","90",,
"PKM00041780","JINNAH INTERNATIONAL, PK","2021-06-22","90",,
"PKM00041780","JINNAH INTERNATIONAL, PK","2021-06-23","89",,
"PKM00041780","JINNAH INTERNATIONAL, PK","2021-06-24","89",,
"PKM00041780","JINNAH INTERNATIONAL, PK","2021-06-25","89",,
"PKM00041780","JINNAH INTERNATIONAL, PK","2021-06-26","89",,
"PKM00041780","JINNAH INTERNATIONAL, PK","2021-06-27","89",,
"PKM00041780","JINNAH INTERNATIONAL, PK","2021-06-28","90",,
"PKM00041780","JINNAH INTERNATIONAL, PK","2021-06-29","89",,
"PKM00041780","JINNAH INTERNATIONAL, PK","2021-06-30","89",,
"PKM00041780","JINNAH INTERNATIONAL, PK","2021-07-01","89",,
"PKM00041780","JINNAH INTERNATIONAL, PK","2021-07-02","89",,
"PKM00041780","JINNAH INTERNATIONAL, PK","2021-07-03","89",,
"PKM00041780","JINNAH INTERNATIONAL, PK","2021-07-04","89",,
"PKM00041780","JINNAH INTERNATIONAL, PK","2021-07-05","89",,
"PKM00041780","JINNAH INTERNATIONAL, PK","2021-07-06","89",,
"PKM00041780","JINNAH INTERNATIONAL, PK","2021-07-07","88",,
"PKM00041780","JINNAH INTERNATIONAL, PK","2021-07-08","87",,
"PKM00041780","JINNAH INTERNATIONAL, PK","2021-07-09","88",,
"PKM00041780","JINNAH INTERNATIONAL, PK","2021-07-10","89",,
"PKM00041780","JINNAH INTERNATIONAL, PK","2021-07-11","90",,
"PKM00041780","JINNAH INTERNATIONAL, PK","2021-07-12","85",,
"PKM00041780","JINNAH INTERNATIONAL, PK","2021-07-13","93",,
"PKM00041780","JINNAH INTERNATIONAL, PK","2021-07-14","91",,
"PKM00041780","JINNAH INTERNATIONAL, PK","2021-07-15","91",,
"PKM00041780","JINNAH INTERNATIONAL, PK","2021-07-16","90",,
"PKM00041780","JINNAH INTERNATIONAL, PK","2021-07-17","91",,
"PKM00041780","JINNAH INTERNATIONAL, PK","2021-07-18","89",,
"PKM00041780","JINNAH INTERNATIONAL, PK","2021-07-19","85",,
"PKM00041780","JINNAH INTERNATIONAL, PK","2021-07-20","85",,
"PKM00041780","JINNAH INTERNATIONAL, PK","2021-07-21","86",,
"PKM00041780","JINNAH INTERNATIONAL, PK","2021-07-22","88",,
"PKM00041780","JINNAH INTERNATIONAL, PK","2021-07-23","89",,
"PKM00041780","JINNAH INTERNATIONAL, PK","2021-07-24","87",,
"PKM00041780","JINNAH INTERNATIONAL, PK","2021-07-25","87",,
"PKM00041780","JINNAH INTERNATIONAL, PK","2021-07-26","86",,
"PKM00041780","JINNAH INTERNATIONAL, PK","2021-07-27","85",,
"PKM00041780","JINNAH INTERNATIONAL, PK","2021-07-28","85",,
"PKM00041780","JINNAH INTERNATIONAL, PK","2021-07-29","84",,
"PKM00041780","JINNAH INTERNATIONAL, PK","2021-07-30","84",,
"PKM00041780","JINNAH INTERNATIONAL, PK","2021-07-31","84",,
"PKM00041780","JINNAH INTERNATIONAL, PK","2021-08-01","84",,
"PKM00041780","JINNAH INTERNATIONAL, PK","2021-08-02","84",,
"PKM00041780","JINNAH INTERNATIONAL, PK","2021-08-03","83",,
"PKM00041780","JINNAH INTERNATIONAL, PK","2021-08-04","83",,
"PKM00041780","JINNAH INTERNATIONAL, PK","2021-08-05","84",,
"PKM00041780","JINNAH INTERNATIONAL, PK","2021-08-06","86",,
"PKM00041780","JINNAH INTERNATIONAL, PK","2021-08-07","86",,
"PKM00041780","JINNAH INTERNATIONAL, PK","2021-08-08","86",,
"PKM00041780","JINNAH INTERNATIONAL, PK","2021-08-09","86",,
"PKM00041780","JINNAH INTERNATIONAL, PK","2021-08-10","85",,
"PKM00041780","JINNAH INTERNATIONAL, PK","2021-08-11","84","89","81"
"PKM00041780","JINNAH INTERNATIONAL, PK","2021-08-12","84",,
"PKM00041780","JINNAH INTERNATIONAL, PK","2021-08-13","84",,
"PKM00041780","JINNAH INTERNATIONAL, PK","2021-08-14","84",,
"PKM00041780","JINNAH INTERNATIONAL, PK","2021-08-15","84",,
"PKM00041780","JINNAH INTERNATIONAL, PK","2021-08-16","85",,
"PKM00041780","JINNAH INTERNATIONAL, PK","2021-08-17","86",,
"PKM00041780","JINNAH INTERNATIONAL, PK","2021-08-18","85",,"81"
"PKM00041780","JINNAH INTERNATIONAL, PK","2021-08-19","84",,
"PKM00041780","JINNAH INTERNATIONAL, PK","2021-08-20","84",,
"PKM00041780","JINNAH INTERNATIONAL, PK","2021-08-21","86",,
"PKM00041780","JINNAH INTERNATIONAL, PK","2021-08-22","86",,
"PKM00041780","JINNAH INTERNATIONAL, PK","2021-08-23","86",,
"PKM00041780","JINNAH INTERNATIONAL, PK","2021-08-24","86",,
"PKM00041780","JINNAH INTERNATIONAL, PK","2021-08-25","85",,
"PKM00041780","JINNAH INTERNATIONAL, PK","2021-08-26","84",,
"PKM00041780","JINNAH INTERNATIONAL, PK","2021-08-27","84",,
"PKM00041780","JINNAH INTERNATIONAL, PK","2021-08-28","85",,
"PKM00041780","JINNAH INTERNATIONAL, PK","2021-08-29","86",,
"PKM00041780","JINNAH INTERNATIONAL, PK","2021-08-30","87",,
"PKM00041780","JINNAH INTERNATIONAL, PK","2021-08-31","89",,
"PKM00041780","JINNAH INTERNATIONAL, PK","2021-09-01","91",,
"PKM00041780","JINNAH INTERNATIONAL, PK","2021-09-02","91",,
"PKM00041780","JINNAH INTERNATIONAL, PK","2021-09-03","83",,
"PKM00041780","JINNAH INTERNATIONAL, PK","2021-09-04","83",,
"PKM00041780","JINNAH INTERNATIONAL, PK","2021-09-05","85",,
"PKM00041780","JINNAH INTERNATIONAL, PK","2021-09-06","86",,
"PKM00041780","JINNAH INTERNATIONAL, PK","2021-09-07","86",,
"PKM00041780","JINNAH INTERNATIONAL, PK","2021-09-08","88",,
"PKM00041780","JINNAH INTERNATIONAL, PK","2021-09-09","85",,
"PKM00041780","JINNAH INTERNATIONAL, PK","2021-09-10","87",,
"PKM00041780","JINNAH INTERNATIONAL, PK","2021-09-11","88",,
"PKM00041780","JINNAH INTERNATIONAL, PK","2021-09-12","88",,
"PKM00041780","JINNAH INTERNATIONAL, PK","2021-09-13","88",,
"PKM00041780","JINNAH INTERNATIONAL, PK","2021-09-14","93",,
"PKM00041780","JINNAH INTERNATIONAL, PK","2021-09-15","94",,
"PKM00041780","JINNAH INTERNATIONAL, PK","2021-09-16","93",,
"PKM00041780","JINNAH INTERNATIONAL, PK","2021-09-17","91",,
"PKM00041780","JINNAH INTERNATIONAL, PK","2021-09-18","89",,
"PKM00041780","JINNAH INTERNATIONAL, PK","2021-09-19","88",,
"PKM00041780","JINNAH INTERNATIONAL, PK","2021-09-20","87",,
"PKM00041780","JINNAH INTERNATIONAL, PK","2021-09-21","86",,
"PKM00041780","JINNAH INTERNATIONAL, PK","2021-09-22","87",,
"PKM00041780","JINNAH INTERNATIONAL, PK","2021-09-23","84",,
"PKM00041780","JINNAH INTERNATIONAL, PK","2021-09-24","88",,
"PKM00041780","JINNAH INTERNATIONAL, PK","2021-09-25","89",,
"PKM00041780","JINNAH INTERNATIONAL, PK","2021-09-26","88",,
"PKM00041780","JINNAH INTERNATIONAL, PK","2021-09-27","87",,
"PKM00041780","JINNAH INTERNATIONAL, PK","2021-09-28","89","98",
"PKM00041780","JINNAH INTERNATIONAL, PK","2021-09-29","93","101",
"PKM00041780","JINNAH INTERNATIONAL, PK","2021-09-30","86",,
"PKM00041780","JINNAH INTERNATIONAL, PK","2021-10-01","82",,
"PKM00041780","JINNAH INTERNATIONAL, PK","2021-10-02","84",,
"PKM00041780","JINNAH INTERNATIONAL, PK","2021-10-03","85",,
"PKM00041780","JINNAH INTERNATIONAL, PK","2021-10-04","85","92",
"PKM00041780","JINNAH INTERNATIONAL, PK","2021-10-05","85",,
"PKM00041780","JINNAH INTERNATIONAL, PK","2021-10-06","86",,
"PKM00041780","JINNAH INTERNATIONAL, PK","2021-10-07","88",,
"PKM00041780","JINNAH INTERNATIONAL, PK","2021-10-08","86",,
"PKM00041780","JINNAH INTERNATIONAL, PK","2021-10-09","85",,
"PKM00041780","JINNAH INTERNATIONAL, PK","2021-10-10","85",,
"PKM00041780","JINNAH INTERNATIONAL, PK","2021-10-11","85",,
"PKM00041780","JINNAH INTERNATIONAL, PK","2021-10-12","86",,
"PKM00041780","JINNAH INTERNATIONAL, PK","2021-10-13","85",,
"PKM00041780","JINNAH INTERNATIONAL, PK","2021-10-14","84",,
"PKM00041780","JINNAH INTERNATIONAL, PK","2021-10-15","84",,
"PKM00041780","JINNAH INTERNATIONAL, PK","2021-10-16","82",,
"PKM00041780","JINNAH INTERNATIONAL, PK","2021-10-17","82",,
"PKM00041780","JINNAH INTERNATIONAL, PK","2021-10-18","82",,
"PKM00041780","JINNAH INTERNATIONAL, PK","2021-10-19","81",,
"PKM00041780","JINNAH INTERNATIONAL, PK","2021-10-20","82",,
"PKM00041780","JINNAH INTERNATIONAL, PK","2021-10-21","82",,
"PKM00041780","JINNAH INTERNATIONAL, PK","2021-10-22","83",,
"PKM00041780","JINNAH INTERNATIONAL, PK","2021-10-23","85",,
"PKM00041780","JINNAH INTERNATIONAL, PK","2021-10-24","81",,
"PKM00041780","JINNAH INTERNATIONAL, PK","2021-10-25","81",,
"PKM00041780","JINNAH INTERNATIONAL, PK","2021-10-26","82","94",
"PKM00041780","JINNAH INTERNATIONAL, PK","2021-10-27","80",,
"PKM00041780","JINNAH INTERNATIONAL, PK","2021-10-28","81",,"69"
"PKM00041780","JINNAH INTERNATIONAL, PK","2021-10-29","81",,
"PKM00041780","JINNAH INTERNATIONAL, PK","2021-10-30","82",,
"PKM00041780","JINNAH INTERNATIONAL, PK","2021-10-31","80",,
"PKM00041780","JINNAH INTERNATIONAL, PK","2021-11-01","81",,
"PKM00041780","JINNAH INTERNATIONAL, PK","2021-11-02","82",,
"PKM00041780","JINNAH INTERNATIONAL, PK","2021-11-03","80",,
"PKM00041780","JINNAH INTERNATIONAL, PK","2021-11-04","81",,
"PKM00041780","JINNAH INTERNATIONAL, PK","2021-11-05","80",,
"PKM00041780","JINNAH INTERNATIONAL, PK","2021-11-06","79",,
"PKM00041780","JINNAH INTERNATIONAL, PK","2021-11-07","80",,
"PKM00041780","JINNAH INTERNATIONAL, PK","2021-11-08","80",,
"PKM00041780","JINNAH INTERNATIONAL, PK","2021-11-09","80",,
"PKM00041780","JINNAH INTERNATIONAL, PK","2021-11-10","80",,
"PKM00041780","JINNAH INTERNATIONAL, PK","2021-11-11","78",,
"PKM00041780","JINNAH INTERNATIONAL, PK","2021-11-12","78",,
"PKM00041780","JINNAH INTERNATIONAL, PK","2021-11-13","77",,
"PKM00041780","JINNAH INTERNATIONAL, PK","2021-11-14","77",,
"PKM00041780","JINNAH INTERNATIONAL, PK","2021-11-15","77",,
"PKM00041780","JINNAH INTERNATIONAL, PK","2021-11-16","75",,
"PKM00041780","JINNAH INTERNATIONAL, PK","2021-11-17","75",,
"PKM00041780","JINNAH INTERNATIONAL, PK","2021-11-18","73",,
"PKM00041780","JINNAH INTERNATIONAL, PK","2021-11-19","76",,
"PKM00041780","JINNAH INTERNATIONAL, PK","2021-11-20","73",,
"PKM00041780","JINNAH INTERNATIONAL, PK","2021-11-21","74",,
"PKM00041780","JINNAH INTERNATIONAL, PK","2021-11-22","75",,
"PKM00041780","JINNAH INTERNATIONAL, PK","2021-11-23","75",,
"PKM00041780","JINNAH INTERNATIONAL, PK","2021-11-24","78",,
"PKM00041780","JINNAH INTERNATIONAL, PK","2021-11-25","77",,
"PKM00041780","JINNAH INTERNATIONAL, PK","2021-11-26","75",,
"PKM00041780","JINNAH INTERNATIONAL, PK","2021-11-27","76",,
"PKM00041780","JINNAH INTERNATIONAL, PK","2021-11-28","76","89","65"
"PKM00041780","JINNAH INTERNATIONAL, PK","2021-11-29","78",,
"PKM00041780","JINNAH INTERNATIONAL, PK","2021-11-30","76",,
"PKM00041780","JINNAH INTERNATIONAL, PK","2021-12-01","75",,
"PKM00041780","JINNAH INTERNATIONAL, PK","2021-12-02","73","86",
"PKM00041780","JINNAH INTERNATIONAL, PK","2021-12-03","73","86",
"PKM00041780","JINNAH INTERNATIONAL, PK","2021-12-04","72",,
"PKM00041780","JINNAH INTERNATIONAL, PK","2021-12-05","72",,
"PKM00041780","JINNAH INTERNATIONAL, PK","2021-12-06","73",,
"PKM00041780","JINNAH INTERNATIONAL, PK","2021-12-07","71",,
"PKM00041780","JINNAH INTERNATIONAL, PK","2021-12-08","70",,
"PKM00041780","JINNAH INTERNATIONAL, PK","2021-12-09","69",,
"PKM00041780","JINNAH INTERNATIONAL, PK","2021-12-10","69",,
"PKM00041780","JINNAH INTERNATIONAL, PK","2021-12-11","67",,
"PKM00041780","JINNAH INTERNATIONAL, PK","2021-12-12","69",,
"PKM00041780","JINNAH INTERNATIONAL, PK","2021-12-13","69",,
"PKM00041780","JINNAH INTERNATIONAL, PK","2021-12-14","68",,
"PKM00041780","JINNAH INTERNATIONAL, PK","2021-12-15","65",,
"PKM00041780","JINNAH INTERNATIONAL, PK","2021-12-16","64",,
"PKM00041780","JINNAH INTERNATIONAL, PK","2021-12-17","63",,
"PKM00041780","JINNAH INTERNATIONAL, PK","2021-12-18","63",,
"PKM00041780","JINNAH INTERNATIONAL, PK","2021-12-19","64",,"48"
"PKM00041780","JINNAH INTERNATIONAL, PK","2021-12-20","68",,
"PKM00041780","JINNAH INTERNATIONAL, PK","2021-12-21","72",,
"PKM00041780","JINNAH INTERNATIONAL, PK","2021-12-22","73",,
"PKM00041780","JINNAH INTERNATIONAL, PK","2021-12-23","74",,
"PKM00041780","JINNAH INTERNATIONAL, PK","2021-12-24","73",,
"PKM00041780","JINNAH INTERNATIONAL, PK","2021-12-25","72",,
"PKM00041780","JINNAH INTERNATIONAL, PK","2021-12-26","74",,
"PKM00041780","JINNAH INTERNATIONAL, PK","2021-12-27","63",,
"PKM00041780","JINNAH INTERNATIONAL, PK","2021-12-28","64",,
"PKM00041780","JINNAH INTERNATIONAL, PK","2021-12-29","63",,
"PKM00041780","JINNAH INTERNATIONAL, PK","2021-12-30","65",,
"PKM00041780","JINNAH INTERNATIONAL, PK","2021-12-31","67",,
"PKM00041780","JINNAH INTERNATIONAL, PK","2022-01-01","66",,
"PKM00041780","JINNAH INTERNATIONAL, PK","2022-01-02","68",,
"PKM00041780","JINNAH INTERNATIONAL, PK","2022-01-03","69",,
"PKM00041780","JINNAH INTERNATIONAL, PK","2022-01-04","66",,
"PKM00041780","JINNAH INTERNATIONAL, PK","2022-01-05","65",,
"PKM00041780","JINNAH INTERNATIONAL, PK","2022-01-06","62",,
"PKM00041780","JINNAH INTERNATIONAL, PK","2022-01-07","62",,
"PKM00041780","JINNAH INTERNATIONAL, PK","2022-01-08","61",,
"PKM00041780","JINNAH INTERNATIONAL, PK","2022-01-09","61",,
"PKM00041780","JINNAH INTERNATIONAL, PK","2022-01-10","62",,
"PKM00041780","JINNAH INTERNATIONAL, PK","2022-01-11","62",,
"PKM00041780","JINNAH INTERNATIONAL, PK","2022-01-12","62",,
"PKM00041780","JINNAH INTERNATIONAL, PK","2022-01-13","63",,
"PKM00041780","JINNAH INTERNATIONAL, PK","2022-01-14","64",,
"PKM00041780","JINNAH INTERNATIONAL, PK","2022-01-15","65",,
"PKM00041780","JINNAH INTERNATIONAL, PK","2022-01-16","66",,
"PKM00041780","JINNAH INTERNATIONAL, PK","2022-01-17","68","80",
"PKM00041780","JINNAH INTERNATIONAL, PK","2022-01-18","68",,
"PKM00041780","JINNAH INTERNATIONAL, PK","2022-01-19","71",,
"PKM00041780","JINNAH INTERNATIONAL, PK","2022-01-20","76",,
"PKM00041780","JINNAH INTERNATIONAL, PK","2022-01-21","75",,
"PKM00041780","JINNAH INTERNATIONAL, PK","2022-01-22","67",,
"PKM00041780","JINNAH INTERNATIONAL, PK","2022-01-23","62",,
"PKM00041780","JINNAH INTERNATIONAL, PK","2022-01-24","62",,"48"
"PKM00041780","JINNAH INTERNATIONAL, PK","2022-01-25","63",,
"PKM00041780","JINNAH INTERNATIONAL, PK","2022-01-26","64",,
"PKM00041780","JINNAH INTERNATIONAL, PK","2022-01-27","64",,
"PKM00041780","JINNAH INTERNATIONAL, PK","2022-01-28","66",,
"PKM00041780","JINNAH INTERNATIONAL, PK","2022-01-29","69",,
"PKM00041780","JINNAH INTERNATIONAL, PK","2022-01-30","71",,
"PKM00041780","JINNAH INTERNATIONAL, PK","2022-01-31","75",,
"PKM00041780","JINNAH INTERNATIONAL, PK","2022-02-01","74",,
"PKM00041780","JINNAH INTERNATIONAL, PK","2022-02-02","75",,
"PKM00041780","JINNAH INTERNATIONAL, PK","2022-02-03","74",,
"PKM00041780","JINNAH INTERNATIONAL, PK","2022-02-04","70",,
"PKM00041780","JINNAH INTERNATIONAL, PK","2022-02-05","70",,
"PKM00041780","JINNAH INTERNATIONAL, PK","2022-02-06","72",,
"PKM00041780","JINNAH INTERNATIONAL, PK","2022-02-07","72",,
"PKM00041780","JINNAH INTERNATIONAL, PK","2022-02-08","71",,
"PKM00041780","JINNAH INTERNATIONAL, PK","2022-02-09","70",,
"PKM00041780","JINNAH INTERNATIONAL, PK","2022-02-10","70",,
"PKM00041780","JINNAH INTERNATIONAL, PK","2022-02-11","70",,
"PKM00041780","JINNAH INTERNATIONAL, PK","2022-02-12","70",,
"PKM00041780","JINNAH INTERNATIONAL, PK","2022-02-13","71",,
"PKM00041780","JINNAH INTERNATIONAL, PK","2022-02-14","71",,
"PKM00041780","JINNAH INTERNATIONAL, PK","2022-02-15","74",,
"PKM00041780","JINNAH INTERNATIONAL, PK","2022-02-16","73",,
"PKM00041780","JINNAH INTERNATIONAL, PK","2022-02-17","72",,
"PKM00041780","JINNAH INTERNATIONAL, PK","2022-02-18","74",,
"PKM00041780","JINNAH INTERNATIONAL, PK","2022-02-19","75",,
"PKM00041780","JINNAH INTERNATIONAL, PK","2022-02-20","77",,
"PKM00041780","JINNAH INTERNATIONAL, PK","2022-02-21","77",,
"PKM00041780","JINNAH INTERNATIONAL, PK","2022-02-22","77",,
"PKM00041780","JINNAH INTERNATIONAL, PK","2022-02-23","76",,
"PKM00041780","JINNAH INTERNATIONAL, PK","2022-02-24","75",,
"PKM00041780","JINNAH INTERNATIONAL, PK","2022-02-25","75",,
"PKM00041780","JINNAH INTERNATIONAL, PK","2022-02-26","76",,
"PKM00041780","JINNAH INTERNATIONAL, PK","2022-02-27","75",,
"PKM00041780","JINNAH INTERNATIONAL, PK","2022-02-28","76",,
"PKM00041780","JINNAH INTERNATIONAL, PK","2022-03-01","77",,
"PKM00041780","JINNAH INTERNATIONAL, PK","2022-03-02","78",,
"PKM00041780","JINNAH INTERNATIONAL, PK","2022-03-03","76",,
"PKM00041780","JINNAH INTERNATIONAL, PK","2022-03-04","78",,
"PKM00041780","JINNAH INTERNATIONAL, PK","2022-03-05","78",,
"PKM00041780","JINNAH INTERNATIONAL, PK","2022-03-06","78",,
"PKM00041780","JINNAH INTERNATIONAL, PK","2022-03-07","80",,
"PKM00041780","JINNAH INTERNATIONAL, PK","2022-03-08","80","95",
"PKM00041780","JINNAH INTERNATIONAL, PK","2022-03-09","79",,
"PKM00041780","JINNAH INTERNATIONAL, PK","2022-03-10","81",,
"PKM00041780","JINNAH INTERNATIONAL, PK","2022-03-11","83",,
"PKM00041780","JINNAH INTERNATIONAL, PK","2022-03-12","84",,
"PKM00041780","JINNAH INTERNATIONAL, PK","2022-03-13","85",,
"PKM00041780","JINNAH INTERNATIONAL, PK","2022-03-14","84",,
"PKM00041780","JINNAH INTERNATIONAL, PK","2022-03-15","82",,
"PKM00041780","JINNAH INTERNATIONAL, PK","2022-03-16","82",,
"PKM00041780","JINNAH INTERNATIONAL, PK","2022-03-17","82",,
"PKM00041780","JINNAH INTERNATIONAL, PK","2022-03-18","82",,
"PKM00041780","JINNAH INTERNATIONAL, PK","2022-03-19","84",,
"PKM00041780","JINNAH INTERNATIONAL, PK","2022-03-20","83",,
"PKM00041780","JINNAH INTERNATIONAL, PK","2022-03-21","80",,
"PKM00041780","JINNAH INTERNATIONAL, PK","2022-03-22","79",,
"PKM00041780","JINNAH INTERNATIONAL, PK","2022-03-23","82",,
"PKM00041780","JINNAH INTERNATIONAL, PK","2022-03-24","84",,
"PKM00041780","JINNAH INTERNATIONAL, PK","2022-03-25","86",,
"PKM00041780","JINNAH INTERNATIONAL, PK","2022-03-26","84",,
"PKM00041780","JINNAH INTERNATIONAL, PK","2022-03-27","87",,
"PKM00041780","JINNAH INTERNATIONAL, PK","2022-03-28","85",,
"PKM00041780","JINNAH INTERNATIONAL, PK","2022-03-29","85",,"78"
"PKM00041780","JINNAH INTERNATIONAL, PK","2022-03-30","89",,
"PKM00041780","JINNAH INTERNATIONAL, PK","2022-03-31","89",,
"PKM00041780","JINNAH INTERNATIONAL, PK","2022-04-01","87",,
"PKM00041780","JINNAH INTERNATIONAL, PK","2022-04-02","85","106",
"PKM00041780","JINNAH INTERNATIONAL, PK","2022-04-03","86",,
"PKM00041780","JINNAH INTERNATIONAL, PK","2022-04-04","84",,
"PKM00041780","JINNAH INTERNATIONAL, PK","2022-04-05","86",,
"PKM00041780","JINNAH INTERNATIONAL, PK","2022-04-06","87",,
"PKM00041780","JINNAH INTERNATIONAL, PK","2022-04-07","92","106","78"
"PKM00041780","JINNAH INTERNATIONAL, PK","2022-04-08","91","104",
"PKM00041780","JINNAH INTERNATIONAL, PK","2022-04-09","87","98","79"
"PKM00041780","JINNAH INTERNATIONAL, PK","2022-04-10","87","102","75"
"PKM00041780","JINNAH INTERNATIONAL, PK","2022-04-11","85","95","78"
"PKM00041780","JINNAH INTERNATIONAL, PK","2022-04-12","85","92",
"PKM00041780","JINNAH INTERNATIONAL, PK","2022-04-13","84","97","77"
"PKM00041780","JINNAH INTERNATIONAL, PK","2022-04-14","86","95","78"
"PKM00041780","JINNAH INTERNATIONAL, PK","2022-04-15","89","100","77"
"PKM00041780","JINNAH INTERNATIONAL, PK","2022-04-16","85","98","79"
"PKM00041780","JINNAH INTERNATIONAL, PK","2022-04-17","85","94","79"
"PKM00041780","JINNAH INTERNATIONAL, PK","2022-04-18","85","94","80"
"PKM00041780","JINNAH INTERNATIONAL, PK","2022-04-19","86","94","80"
"PKM00041780","JINNAH INTERNATIONAL, PK","2022-04-20","87","99","80"
"PKM00041780","JINNAH INTERNATIONAL, PK","2022-04-21","89","99",
"PKM00041780","JINNAH INTERNATIONAL, PK","2022-04-22","85","95","80"
"PKM00041780","JINNAH INTERNATIONAL, PK","2022-04-23","87","95","80"
"PKM00041780","JINNAH INTERNATIONAL, PK","2022-04-24","89","100","80"
"PKM00041780","JINNAH INTERNATIONAL, PK","2022-04-25","88","99","81"
"PKM00041780","JINNAH INTERNATIONAL, PK","2022-04-26","89","98","81"
"PKM00041780","JINNAH INTERNATIONAL, PK","2022-04-27","90","102","81"
"PKM00041780","JINNAH INTERNATIONAL, PK","2022-04-28","89","99",
"PKM00041780","JINNAH INTERNATIONAL, PK","2022-04-29","92","99",
"PKM00041780","JINNAH INTERNATIONAL, PK","2022-04-30","92","105","85"
"PKM00041780","JINNAH INTERNATIONAL, PK","2022-05-01","92","103",
"PKM00041780","JINNAH INTERNATIONAL, PK","2022-05-02","86","96",
"PKM00041780","JINNAH INTERNATIONAL, PK","2022-05-03","88","96","81"
"PKM00041780","JINNAH INTERNATIONAL, PK","2022-05-04","87","98","81"
"PKM00041780","JINNAH INTERNATIONAL, PK","2022-05-05","87","94","80"
"PKM00041780","JINNAH INTERNATIONAL, PK","2022-05-06","87","97",
"PKM00041780","JINNAH INTERNATIONAL, PK","2022-05-07","87","99","81"
"PKM00041780","JINNAH INTERNATIONAL, PK","2022-05-08","85",,
"PKM00041780","JINNAH INTERNATIONAL, PK","2022-05-09","87","95","82"
"PKM00041780","JINNAH INTERNATIONAL, PK","2022-05-10","87",,"83"
"PKM00041780","JINNAH INTERNATIONAL, PK","2022-05-11","91","98",
"PKM00041780","JINNAH INTERNATIONAL, PK","2022-05-12","89","99","83"
"PKM00041780","JINNAH INTERNATIONAL, PK","2022-05-13","90","106","83"
"PKM00041780","JINNAH INTERNATIONAL, PK","2022-05-14","93","109","84"
"PKM00041780","JINNAH INTERNATIONAL, PK","2022-05-15","88","98","83"
"PKM00041780","JINNAH INTERNATIONAL, PK","2022-05-16","88","107",
"PKM00041780","JINNAH INTERNATIONAL, PK","2022-05-17","92","106","82"
"PKM00041780","JINNAH INTERNATIONAL, PK","2022-05-18","89","97","82"
"PKM00041780","JINNAH INTERNATIONAL, PK","2022-05-19","88","96","82"
"PKM00041780","JINNAH INTERNATIONAL, PK","2022-05-20","87","95","82"
"PKM00041780","JINNAH INTERNATIONAL, PK","2022-05-21","88","96","84"
"PKM00041780","JINNAH INTERNATIONAL, PK","2022-05-22","88","96",
"PKM00041780","JINNAH INTERNATIONAL, PK","2022-05-23","91","102",
"PKM00041780","JINNAH INTERNATIONAL, PK","2022-05-24","89","99","81"
"PKM00041780","JINNAH INTERNATIONAL, PK","2022-05-25","89","95","83"
"PKM00041780","JINNAH INTERNATIONAL, PK","2022-05-26","88","93","84"
"PKM00041780","JINNAH INTERNATIONAL, PK","2022-05-27","88","94",
"PKM00041780","JINNAH INTERNATIONAL, PK","2022-05-28","88","98","83"
"PKM00041780","JINNAH INTERNATIONAL, PK","2022-05-29","90","95",
"PKM00041780","JINNAH INTERNATIONAL, PK","2022-05-30","88","96","82"
"PKM00041780","JINNAH INTERNATIONAL, PK","2022-05-31","88","94",
"PKM00041780","JINNAH INTERNATIONAL, PK","2022-06-01","89","96","83"
"PKM00041780","JINNAH INTERNATIONAL, PK","2022-06-02","91","99",
"PKM00041780","JINNAH INTERNATIONAL, PK","2022-06-03","88","98","82"
"PKM00041780","JINNAH INTERNATIONAL, PK","2022-06-04","88","95",
"PKM00041780","JINNAH INTERNATIONAL, PK","2022-06-05","87","94",
"PKM00041780","JINNAH INTERNATIONAL, PK","2022-06-06","86","94",
"PKM00041780","JINNAH INTERNATIONAL, PK","2022-06-07","87","94","81"
"PKM00041780","JINNAH INTERNATIONAL, PK","2022-06-08","87","94","82"
"PKM00041780","JINNAH INTERNATIONAL, PK","2022-06-09","87","92","82"
"PKM00041780","JINNAH INTERNATIONAL, PK","2022-06-10","88","94",
"PKM00041780","JINNAH INTERNATIONAL, PK","2022-06-11","88","94","84"
"PKM00041780","JINNAH INTERNATIONAL, PK","2022-06-12","90","97","84"
"PKM00041780","JINNAH INTERNATIONAL, PK","2022-06-13","89","96","83"
"PKM00041780","JINNAH INTERNATIONAL, PK","2022-06-14","90","97",
"PKM00041780","JINNAH INTERNATIONAL, PK","2022-06-15","89","94","85"
"PKM00041780","JINNAH INTERNATIONAL, PK","2022-06-16","90","96",
"PKM00041780","JINNAH INTERNATIONAL, PK","2022-06-17","90","95","85"
"PKM00041780","JINNAH INTERNATIONAL, PK","2022-06-18","89","94",
"PKM00041780","JINNAH INTERNATIONAL, PK","2022-06-19","88","95","85"
"PKM00041780","JINNAH INTERNATIONAL, PK","2022-06-20","89","94","85"
"PKM00041780","JINNAH INTERNATIONAL, PK","2022-06-21","89","95","86"
"PKM00041780","JINNAH INTERNATIONAL, PK","2022-06-22","87","98",
"PKM00041780","JINNAH INTERNATIONAL, PK","2022-06-23","92","103",
"PKM00041780","JINNAH INTERNATIONAL, PK","2022-06-24","92","104","85"
"PKM00041780","JINNAH INTERNATIONAL, PK","2022-06-25","90","98","85"
"PKM00041780","JINNAH INTERNATIONAL, PK","2022-06-26","93","100",
"PKM00041780","JINNAH INTERNATIONAL, PK","2022-06-27","90","97","85"
"PKM00041780","JINNAH INTERNATIONAL, PK","2022-06-28","91","99","85"
"PKM00041780","JINNAH INTERNATIONAL, PK","2022-06-29","89","95","85"
"PKM00041780","JINNAH INTERNATIONAL, PK","2022-06-30","89","95","84"
"PKM00041780","JINNAH INTERNATIONAL, PK","2022-07-01","89","96",
"PKM00041780","JINNAH INTERNATIONAL, PK","2022-07-03","89",,"85"
"PKM00041780","JINNAH INTERNATIONAL, PK","2022-07-04","87","98",
"PKM00041780","JINNAH INTERNATIONAL, PK","2022-07-05","88","98","82"
"PKM00041780","JINNAH INTERNATIONAL, PK","2022-07-06","88","92","84"
"PKM00041780","JINNAH INTERNATIONAL, PK","2022-07-07","86","95","80"
"PKM00041780","JINNAH INTERNATIONAL, PK","2022-07-08","84","92","80"
"PKM00041780","JINNAH INTERNATIONAL, PK","2022-07-09","83","87","79"
"PKM00041780","JINNAH INTERNATIONAL, PK","2022-07-10","86","92",
"PKM00041780","JINNAH INTERNATIONAL, PK","2022-07-11","83","87","79"
"PKM00041780","JINNAH INTERNATIONAL, PK","2022-07-12","86","94","77"
"PKM00041780","JINNAH INTERNATIONAL, PK","2022-07-13","90","95",
"PKM00041780","JINNAH INTERNATIONAL, PK","2022-07-14","88","99","82"
"PKM00041780","JINNAH INTERNATIONAL, PK","2022-07-15","88","98",
"PKM00041780","JINNAH INTERNATIONAL, PK","2022-07-16","88","96","80"
"PKM00041780","JINNAH INTERNATIONAL, PK","2022-07-17","86","95",
"PKM00041780","JINNAH INTERNATIONAL, PK","2022-07-18","85","89","81"
"PKM00041780","JINNAH INTERNATIONAL, PK","2022-07-19","87","90",
"PKM00041780","JINNAH INTERNATIONAL, PK","2022-07-20","87","93","82"
"PKM00041780","JINNAH INTERNATIONAL, PK","2022-07-21","86","92","83"
"PKM00041780","JINNAH INTERNATIONAL, PK","2022-07-22","86","89","83"
"PKM00041780","JINNAH INTERNATIONAL, PK","2022-07-23","85","90","82"
"PKM00041780","JINNAH INTERNATIONAL, PK","2022-07-24","82","84",
"PKM00041780","JINNAH INTERNATIONAL, PK","2022-07-25","81","86","78"
"PKM00041780","JINNAH INTERNATIONAL, PK","2022-07-26","83","87",
"PKM00041780","JINNAH INTERNATIONAL, PK","2022-07-27","82","86","79"
"PKM00041780","JINNAH INTERNATIONAL, PK","2022-07-28","84","89","78"
"PKM00041780","JINNAH INTERNATIONAL, PK","2022-07-29","83","89","81"
"PKM00041780","JINNAH INTERNATIONAL, PK","2022-07-30","84","88","80"
"PKM00041780","JINNAH INTERNATIONAL, PK","2022-07-31","84","89","79"
"PKM00041780","JINNAH INTERNATIONAL, PK","2022-08-01","83","85",
"PKM00041780","JINNAH INTERNATIONAL, PK","2022-08-02","84","87","81"
"PKM00041780","JINNAH INTERNATIONAL, PK","2022-08-03","85","89","81"
"PKM00041780","JINNAH INTERNATIONAL, PK","2022-08-04","87","92","82"
"PKM00041780","JINNAH INTERNATIONAL, PK","2022-08-05","87","93","82"
"PKM00041780","JINNAH INTERNATIONAL, PK","2022-08-06","86","90","83"
"PKM00041780","JINNAH INTERNATIONAL, PK","2022-08-07","86","95","83"
"PKM00041780","JINNAH INTERNATIONAL, PK","2022-08-08","89","96","81"
"PKM00041780","JINNAH INTERNATIONAL, PK","2022-08-09","92","98",
"PKM00041780","JINNAH INTERNATIONAL, PK","2022-08-10","84","96",
"PKM00041780","JINNAH INTERNATIONAL, PK","2022-08-11","89","96",
"PKM00041780","JINNAH INTERNATIONAL, PK","2022-08-12","86","92","80"
"PKM00041780","JINNAH INTERNATIONAL, PK","2022-08-13","82","85","79"
"PKM00041780","JINNAH INTERNATIONAL, PK","2022-08-14","85","90","78"
"PKM00041780","JINNAH INTERNATIONAL, PK","2022-08-15","85","89",
"PKM00041780","JINNAH INTERNATIONAL, PK","2022-08-16","84","91","81"
"PKM00041780","JINNAH INTERNATIONAL, PK","2022-08-17","83","87","81"
"PKM00041780","JINNAH INTERNATIONAL, PK","2022-08-18","83","85","80"
"PKM00041780","JINNAH INTERNATIONAL, PK","2022-08-19","83","85","81"
"PKM00041780","JINNAH INTERNATIONAL, PK","2022-08-20","83","87","81"
"PKM00041780","JINNAH INTERNATIONAL, PK","2022-08-21","84","89","81"
"PKM00041780","JINNAH INTERNATIONAL, PK","2022-08-22","85","90","81"
"PKM00041780","JINNAH INTERNATIONAL, PK","2022-08-23","84","88","81"
"PKM00041780","JINNAH INTERNATIONAL, PK","2022-08-27","85","88",
"PKM00041780","JINNAH INTERNATIONAL, PK","2022-08-28","84","90","80"
"PKM00041780","JINNAH INTERNATIONAL, PK","2022-08-29","84","89","81"
"PKM00041780","JINNAH INTERNATIONAL, PK","2022-08-30","84","91",
"PKM00041780","JINNAH INTERNATIONAL, PK","2022-08-31","87","92",
"PKM00041780","JINNAH INTERNATIONAL, PK","2022-09-01","85","89","81"
"PKM00041780","JINNAH INTERNATIONAL, PK","2022-09-02","86","92","81"
"PKM00041780","JINNAH INTERNATIONAL, PK","2022-09-03","85","92","81"
"PKM00041780","JINNAH INTERNATIONAL, PK","2022-09-04","85","90",
"PKM00041780","JINNAH INTERNATIONAL, PK","2022-09-05","85","89",
"PKM00041780","JINNAH INTERNATIONAL, PK","2022-09-06","86","92",
"PKM00041780","JINNAH INTERNATIONAL, PK","2022-09-07","86","94","81"
"PKM00041780","JINNAH INTERNATIONAL, PK","2022-09-08","89","96","81"
"PKM00041780","JINNAH INTERNATIONAL, PK","2022-09-09","92","103","82"
"PKM00041780","JINNAH INTERNATIONAL, PK","2022-09-10","97","105",
"PKM00041780","JINNAH INTERNATIONAL, PK","2022-09-11","89","97","84"
"PKM00041780","JINNAH INTERNATIONAL, PK","2022-09-12","81","96",
"PKM00041780","JINNAH INTERNATIONAL, PK","2022-09-13","81","97","76"
"PKM00041780","JINNAH INTERNATIONAL, PK","2022-09-14","88","99","77"
"PKM00041780","JINNAH INTERNATIONAL, PK","2022-09-15","85","92","81"
"PKM00041780","JINNAH INTERNATIONAL, PK","2022-09-16","84","89",
"PKM00041780","JINNAH INTERNATIONAL, PK","2022-09-17","85","90","80"
"PKM00041780","JINNAH INTERNATIONAL, PK","2022-09-18","86","92","81"
"PKM00041780","JINNAH INTERNATIONAL, PK","2022-09-19","85","92",
"PKM00041780","JINNAH INTERNATIONAL, PK","2022-09-20","85","90","80"
"PKM00041780","JINNAH INTERNATIONAL, PK","2022-09-21","82","90",
"PKM00041780","JINNAH INTERNATIONAL, PK","2022-09-22","84","89","79"
"PKM00041780","JINNAH INTERNATIONAL, PK","2022-09-23","82","88",
"PKM00041780","JINNAH INTERNATIONAL, PK","2022-09-24","82","89","80"
"PKM00041780","JINNAH INTERNATIONAL, PK","2022-09-25","85","90","80"
"PKM00041780","JINNAH INTERNATIONAL, PK","2022-09-26","85","92",
"PKM00041780","JINNAH INTERNATIONAL, PK","2022-09-27","83","92",
"PKM00041780","JINNAH INTERNATIONAL, PK","2022-09-28","83","90",
"PKM00041780","JINNAH INTERNATIONAL, PK","2022-09-29","84","92","79"
"PKM00041780","JINNAH INTERNATIONAL, PK","2022-09-30","84","90","79"
"PKM00041780","JINNAH INTERNATIONAL, PK","2022-10-01","85","90","78"
"PKM00041780","JINNAH INTERNATIONAL, PK","2022-10-02","83","92","80"
"PKM00041780","JINNAH INTERNATIONAL, PK","2022-10-03","85","92",
"PKM00041780","JINNAH INTERNATIONAL, PK","2022-10-04","85","92","80"
"PKM00041780","JINNAH INTERNATIONAL, PK","2022-10-05","85",,"79"
"PKM00041780","JINNAH INTERNATIONAL, PK","2022-10-06","86","98","79"
"PKM00041780","JINNAH INTERNATIONAL, PK","2022-10-07","89","101",
"PKM00041780","JINNAH INTERNATIONAL, PK","2022-10-08","90","101",
"PKM00041780","JINNAH INTERNATIONAL, PK","2022-10-09","87","102","75"
"PKM00041780","JINNAH INTERNATIONAL, PK","2022-10-10","87","99",
"PKM00041780","JINNAH INTERNATIONAL, PK","2022-10-11","82","100",
"PKM00041780","JINNAH INTERNATIONAL, PK","2022-10-12","82","98","69"
"PKM00041780","JINNAH INTERNATIONAL, PK","2022-10-13","82","97","67"
"PKM00041780","JINNAH INTERNATIONAL, PK","2022-10-14","83","98","67"
"PKM00041780","JINNAH INTERNATIONAL, PK","2022-10-15","83","100","64"
"PKM00041780","JINNAH INTERNATIONAL, PK","2022-10-16","83","101","68"
"PKM00041780","JINNAH INTERNATIONAL, PK","2022-10-17","88","101",
"PKM00041780","JINNAH INTERNATIONAL, PK","2022-10-18","86","96",
"PKM00041780","JINNAH INTERNATIONAL, PK","2022-10-19","82",,"74"
"PKM00041780","JINNAH INTERNATIONAL, PK","2022-10-20","83","92","73"
"PKM00041780","JINNAH INTERNATIONAL, PK","2022-10-21","85","98","72"
"PKM00041780","JINNAH INTERNATIONAL, PK","2022-10-22","85","98",
"PKM00041780","JINNAH INTERNATIONAL, PK","2022-10-23","83",,
"PKM00041780","JINNAH INTERNATIONAL, PK","2022-10-24","84",,
"PKM00041780","JINNAH INTERNATIONAL, PK","2022-10-25","84","92","74"
"PKM00041780","JINNAH INTERNATIONAL, PK","2022-10-26","84","94","76"
"PKM00041780","JINNAH INTERNATIONAL, PK","2022-10-27","81","90","74"
"PKM00041780","JINNAH INTERNATIONAL, PK","2022-10-28","81","93","71"
"PKM00041780","JINNAH INTERNATIONAL, PK","2022-10-29","83","94",
"PKM00041780","JINNAH INTERNATIONAL, PK","2022-10-30","83","96","69"
"PKM00041780","JINNAH INTERNATIONAL, PK","2022-10-31","83","96","70"
"PKM00041780","JINNAH INTERNATIONAL, PK","2022-11-01","81","95","70"
"PKM00041780","JINNAH INTERNATIONAL, PK","2022-11-02","84",,
"PKM00041780","JINNAH INTERNATIONAL, PK","2022-11-03","84","94",
"PKM00041780","JINNAH INTERNATIONAL, PK","2022-11-04","83","96",
"PKM00041780","JINNAH INTERNATIONAL, PK","2022-11-05","82","97",
"PKM00041780","JINNAH INTERNATIONAL, PK","2022-11-06","82","94",
"PKM00041780","JINNAH INTERNATIONAL, PK","2022-11-07","77","88",
"PKM00041780","JINNAH INTERNATIONAL, PK","2022-11-08","77",,"68"
"PKM00041780","JINNAH INTERNATIONAL, PK","2022-11-09","80","89",
"PKM00041780","JINNAH INTERNATIONAL, PK","2022-11-10","80","92","69"
"PKM00041780","JINNAH INTERNATIONAL, PK","2022-11-11","80","94","69"
"PKM00041780","JINNAH INTERNATIONAL, PK","2022-11-12","79","93","68"
"PKM00041780","JINNAH INTERNATIONAL, PK","2022-11-13","80",,"69"
"PKM00041780","JINNAH INTERNATIONAL, PK","2022-11-14","81",,
"PKM00041780","JINNAH INTERNATIONAL, PK","2022-11-15","77","87","71"
"PKM00041780","JINNAH INTERNATIONAL, PK","2022-11-16","78","90",
"PKM00041780","JINNAH INTERNATIONAL, PK","2022-11-17","79","91","67"
"PKM00041780","JINNAH INTERNATIONAL, PK","2022-11-18","78","90","66"
"PKM00041780","JINNAH INTERNATIONAL, PK","2022-11-19","78","90","68"
"PKM00041780","JINNAH INTERNATIONAL, PK","2022-11-20","78","90","69"
"PKM00041780","JINNAH INTERNATIONAL, PK","2022-11-21","80","90",
"PKM00041780","JINNAH INTERNATIONAL, PK","2022-11-22","79","93",
"PKM00041780","JINNAH INTERNATIONAL, PK","2022-11-23","77","90",
"PKM00041780","JINNAH INTERNATIONAL, PK","2022-11-24","74","90",
"PKM00041780","JINNAH INTERNATIONAL, PK","2022-11-25","76","88",
"PKM00041780","JINNAH INTERNATIONAL, PK","2022-11-26","75",,
"PKM00041780","JINNAH INTERNATIONAL, PK","2022-11-27","75",,
"PKM00041780","JINNAH INTERNATIONAL, PK","2022-11-28","73","90","61"
"PKM00041780","JINNAH INTERNATIONAL, PK","2022-11-29","72","88","58"
"PKM00041780","JINNAH INTERNATIONAL, PK","2022-11-30","74","89",
"PKM00041780","JINNAH INTERNATIONAL, PK","2022-12-01","73","90",
"PKM00041780","JINNAH INTERNATIONAL, PK","2022-12-02","72",,
"PKM00041780","JINNAH INTERNATIONAL, PK","2022-12-03","75","87",
"PKM00041780","JINNAH INTERNATIONAL, PK","2022-12-04","72","87",
"PKM00041780","JINNAH INTERNATIONAL, PK","2022-12-05","73","86",
"PKM00041780","JINNAH INTERNATIONAL, PK","2022-12-06","70","86","58"
"PKM00041780","JINNAH INTERNATIONAL, PK","2022-12-07","71","90","54"
"PKM00041780","JINNAH INTERNATIONAL, PK","2022-12-08","72","90","55"
"PKM00041780","JINNAH INTERNATIONAL, PK","2022-12-09","73","87","58"
"PKM00041780","JINNAH INTERNATIONAL, PK","2022-12-10","72","87","61"
"PKM00041780","JINNAH INTERNATIONAL, PK","2022-12-11","75","85",
"PKM00041780","JINNAH INTERNATIONAL, PK","2022-12-12","73","86",
"PKM00041780","JINNAH INTERNATIONAL, PK","2022-12-13","73","84","62"
"PKM00041780","JINNAH INTERNATIONAL, PK","2022-12-14","72","87",
"PKM00041780","JINNAH INTERNATIONAL, PK","2022-12-15","69","87","52"
"PKM00041780","JINNAH INTERNATIONAL, PK","2022-12-16","73","87",
"PKM00041780","JINNAH INTERNATIONAL, PK","2022-12-17","70","89","53"
"PKM00041780","JINNAH INTERNATIONAL, PK","2022-12-18","70","85","54"
"PKM00041780","JINNAH INTERNATIONAL, PK","2022-12-19","72","89",
"PKM00041780","JINNAH INTERNATIONAL, PK","2022-12-20","68","85","55"
"PKM00041780","JINNAH INTERNATIONAL, PK","2022-12-21","67","85","55"
"PKM00041780","JINNAH INTERNATIONAL, PK","2022-12-22","66","82","53"
"PKM00041780","JINNAH INTERNATIONAL, PK","2022-12-23","67","81",
"PKM00041780","JINNAH INTERNATIONAL, PK","2022-12-24","65","80","50"
"PKM00041780","JINNAH INTERNATIONAL, PK","2022-12-25","64","80","50"
"PKM00041780","JINNAH INTERNATIONAL, PK","2022-12-26","66","80","50"
"PKM00041780","JINNAH INTERNATIONAL, PK","2022-12-27","67","81","54"
"PKM00041780","JINNAH INTERNATIONAL, PK","2022-12-28","70","81",
"PKM00041780","JINNAH INTERNATIONAL, PK","2022-12-29","73","85",
"PKM00041780","JINNAH INTERNATIONAL, PK","2022-12-30","70","81","61"
"PKM00041780","JINNAH INTERNATIONAL, PK","2022-12-31","69","82",
"PKM00041780","JINNAH INTERNATIONAL, PK","2023-01-01","67","83","52"
"PKM00041780","JINNAH INTERNATIONAL, PK","2023-01-02","66","81","53"
"PKM00041780","JINNAH INTERNATIONAL, PK","2023-01-03","66","78","52"
"PKM00041780","JINNAH INTERNATIONAL, PK","2023-01-04","64","77","53"
"PKM00041780","JINNAH INTERNATIONAL, PK","2023-01-05","64","76","51"
"PKM00041780","JINNAH INTERNATIONAL, PK","2023-01-06","66","78","53"
"PKM00041780","JINNAH INTERNATIONAL, PK","2023-01-07","68","81","54"
"PKM00041780","JINNAH INTERNATIONAL, PK","2023-01-08","68","85","56"
"PKM00041780","JINNAH INTERNATIONAL, PK","2023-01-09","68","82","54"
"PKM00041780","JINNAH INTERNATIONAL, PK","2023-01-10","68","82","56"
"PKM00041780","JINNAH INTERNATIONAL, PK","2023-01-11","72","82","57"
"PKM00041780","JINNAH INTERNATIONAL, PK","2023-01-12","67","76",
"PKM00041780","JINNAH INTERNATIONAL, PK","2023-01-13","62","74","52"
"PKM00041780","JINNAH INTERNATIONAL, PK","2023-01-14","61","74",
"PKM00041780","JINNAH INTERNATIONAL, PK","2023-01-15","59","73","43"
"PKM00041780","JINNAH INTERNATIONAL, PK","2023-01-16","63","77",
"PKM00041780","JINNAH INTERNATIONAL, PK","2023-01-17","63","79","48"
"PKM00041780","JINNAH INTERNATIONAL, PK","2023-01-18","64","80","48"
"PKM00041780","JINNAH INTERNATIONAL, PK","2023-01-19","65","80","49"
"PKM00041780","JINNAH INTERNATIONAL, PK","2023-01-20","64","77",
"PKM00041780","JINNAH INTERNATIONAL, PK","2023-01-21","65","76",
"PKM00041780","JINNAH INTERNATIONAL, PK","2023-01-22","63","74",
"PKM00041780","JINNAH INTERNATIONAL, PK","2023-01-23","62","74","47"
"PKM00041780","JINNAH INTERNATIONAL, PK","2023-01-24","60","73","47"
"PKM00041780","JINNAH INTERNATIONAL, PK","2023-01-25","59","74","45"
"PKM00041780","JINNAH INTERNATIONAL, PK","2023-01-26","61","73","46"
"PKM00041780","JINNAH INTERNATIONAL, PK","2023-01-27","62","74","48"
"PKM00041780","JINNAH INTERNATIONAL, PK","2023-01-28","64","78","49"
"PKM00041780","JINNAH INTERNATIONAL, PK","2023-01-29","66","80","51"
"PKM00041780","JINNAH INTERNATIONAL, PK","2023-01-30","66","81","51"
"PKM00041780","JINNAH INTERNATIONAL, PK","2023-01-31","68","78","54"
"PKM00041780","JINNAH INTERNATIONAL, PK","2023-02-01","65","80","54"
"PKM00041780","JINNAH INTERNATIONAL, PK","2023-02-02","66","85","49"
"PKM00041780","JINNAH INTERNATIONAL, PK","2023-02-03","69","85","49"
"PKM00041780","JINNAH INTERNATIONAL, PK","2023-02-04","71","86","52"
"PKM00041780","JINNAH INTERNATIONAL, PK","2023-02-05","73","83","56"
"PKM00041780","JINNAH INTERNATIONAL, PK","2023-02-06","76","90","60"
"PKM00041780","JINNAH INTERNATIONAL, PK","2023-02-07","72","88","57"
"PKM00041780","JINNAH INTERNATIONAL, PK","2023-02-08","74","87","59"
"PKM00041780","JINNAH INTERNATIONAL, PK","2023-02-09","76","84",
"PKM00041780","JINNAH INTERNATIONAL, PK","2023-02-10","75","84","69"
"PKM00041780","JINNAH INTERNATIONAL, PK","2023-02-11","76","90",
"PKM00041780","JINNAH INTERNATIONAL, PK","2023-02-12","74","87",
"PKM00041780","JINNAH INTERNATIONAL, PK","2023-02-13","71","87","55"
"PKM00041780","JINNAH INTERNATIONAL, PK","2023-02-14","73","90","56"
"PKM00041780","JINNAH INTERNATIONAL, PK","2023-02-15","73","89","58"
"PKM00041780","JINNAH INTERNATIONAL, PK","2023-02-16","74","90","59"
"PKM00041780","JINNAH INTERNATIONAL, PK","2023-02-17","73","91","57"
"PKM00041780","JINNAH INTERNATIONAL, PK","2023-02-18","73","93","57"
"PKM00041780","JINNAH INTERNATIONAL, PK","2023-02-19","73","91","57"
"PKM00041780","JINNAH INTERNATIONAL, PK","2023-02-20","77","88",
"PKM00041780","JINNAH INTERNATIONAL, PK","2023-02-21","78","92","68"
"PKM00041780","JINNAH INTERNATIONAL, PK","2023-02-22","76","83","70"
"PKM00041780","JINNAH INTERNATIONAL, PK","2023-02-23","75","88","63"
"PKM00041780","JINNAH INTERNATIONAL, PK","2023-02-24","76","87",
"PKM00041780","JINNAH INTERNATIONAL, PK","2023-02-25","77","90","63"
"PKM00041780","JINNAH INTERNATIONAL, PK","2023-02-26","78","92","68"
"PKM00041780","JINNAH INTERNATIONAL, PK","2023-02-27","78","94","64"
"PKM00041780","JINNAH INTERNATIONAL, PK","2023-02-28","77","93","63"
"PKM00041780","JINNAH INTERNATIONAL, PK","2023-03-01","78","90","65"
"PKM00041780","JINNAH INTERNATIONAL, PK","2023-03-02","80","93","66"
"PKM00041780","JINNAH INTERNATIONAL, PK","2023-03-03","84","94",
"PKM00041780","JINNAH INTERNATIONAL, PK","2023-03-04","82","96","70"
"PKM00041780","JINNAH INTERNATIONAL, PK","2023-03-05","84","97",
"PKM00041780","JINNAH INTERNATIONAL, PK","2023-03-06","82","96","69"
"PKM00041780","JINNAH INTERNATIONAL, PK","2023-03-07","81","96","68"
"PKM00041780","JINNAH INTERNATIONAL, PK","2023-03-08","81","96","66"
"PKM00041780","JINNAH INTERNATIONAL, PK","2023-03-09","82","97","67"
"PKM00041780","JINNAH INTERNATIONAL, PK","2023-03-10","81","98","66"
"PKM00041780","JINNAH INTERNATIONAL, PK","2023-03-11","82","98","65"
"PKM00041780","JINNAH INTERNATIONAL, PK","2023-03-12","82","96","69"
"PKM00041780","JINNAH INTERNATIONAL, PK","2023-03-13","80","96","64"
"PKM00041780","JINNAH INTERNATIONAL, PK","2023-03-14","80","92","68"
"PKM00041780","JINNAH INTERNATIONAL, PK","2023-03-15","81","88","73"
"PKM00041780","JINNAH INTERNATIONAL, PK","2023-03-16","81","89","73"
"PKM00041780","JINNAH INTERNATIONAL, PK","2023-03-17","82","91","76"
"PKM00041780","JINNAH INTERNATIONAL, PK","2023-03-18","81","92","72"
"PKM00041780","JINNAH INTERNATIONAL, PK","2023-03-19","80","90","69"
"PKM00041780","JINNAH INTERNATIONAL, PK","2023-03-20","78","88",
"PKM00041780","JINNAH INTERNATIONAL, PK","2023-03-21","78","90","65"
"PKM00041780","JINNAH INTERNATIONAL, PK","2023-03-22","78","88","69"
"PKM00041780","JINNAH INTERNATIONAL, PK","2023-03-23","76","81","72"
"PKM00041780","JINNAH INTERNATIONAL, PK","2023-03-24","79","89","72"
"PKM00041780","JINNAH INTERNATIONAL, PK","2023-03-25","80","88","72"
"PKM00041780","JINNAH INTERNATIONAL, PK","2023-03-26","80","90","68"
"PKM00041780","JINNAH INTERNATIONAL, PK","2023-03-27","82","93","70"
"PKM00041780","JINNAH INTERNATIONAL, PK","2023-03-28","80","89","73"
"PKM00041780","JINNAH INTERNATIONAL, PK","2023-03-29","81","88","75"
"PKM00041780","JINNAH INTERNATIONAL, PK","2023-03-30","81","88",
"PKM00041780","JINNAH INTERNATIONAL, PK","2023-03-31","81","88",
"PKM00041780","JINNAH INTERNATIONAL, PK","2023-04-01","81","90","73"
"PKM00041780","JINNAH INTERNATIONAL, PK","2023-04-02","80","88","74"
"PKM00041780","JINNAH INTERNATIONAL, PK","2023-04-03","81","89","75"
"PKM00041780","JINNAH INTERNATIONAL, PK","2023-04-04","80","90","73"
"PKM00041780","JINNAH INTERNATIONAL, PK","2023-04-05","81","94","72"
"PKM00041780","JINNAH INTERNATIONAL, PK","2023-04-06","81","92","71"
"PKM00041780","JINNAH INTERNATIONAL, PK","2023-04-07","84","98","74"
"PKM00041780","JINNAH INTERNATIONAL, PK","2023-04-08","85","99",
"PKM00041780","JINNAH INTERNATIONAL, PK","2023-04-09","82","96","73"
"PKM00041780","JINNAH INTERNATIONAL, PK","2023-04-10","80","89","74"
"PKM00041780","JINNAH INTERNATIONAL, PK","2023-04-11","81","91","71"
"PKM00041780","JINNAH INTERNATIONAL, PK","2023-04-12","86","97","74"
"PKM00041780","JINNAH INTERNATIONAL, PK","2023-04-13","85","99","77"
"PKM00041780","JINNAH INTERNATIONAL, PK","2023-04-14","84","97","78"
"PKM00041780","JINNAH INTERNATIONAL, PK","2023-04-15","85","93",
"PKM00041780","JINNAH INTERNATIONAL, PK","2023-04-16","84","93","79"
"PKM00041780","JINNAH INTERNATIONAL, PK","2023-04-17","85","94","78"
"PKM00041780","JINNAH INTERNATIONAL, PK","2023-04-18","87","96","79"
"PKM00041780","JINNAH INTERNATIONAL, PK","2023-04-19","85","96","79"
"PKM00041780","JINNAH INTERNATIONAL, PK","2023-04-20","86","98","78"
"PKM00041780","JINNAH INTERNATIONAL, PK","2023-04-21","85","94","77"
"PKM00041780","JINNAH INTERNATIONAL, PK","2023-04-22","85","95","77"
"PKM00041780","JINNAH INTERNATIONAL, PK","2023-04-23","88","101","78"
"PKM00041780","JINNAH INTERNATIONAL, PK","2023-04-24","87","99","79"
"PKM00041780","JINNAH INTERNATIONAL, PK","2023-04-25","86","98","78"
"PKM00041780","JINNAH INTERNATIONAL, PK","2023-04-26","86","96",
"PKM00041780","JINNAH INTERNATIONAL, PK","2023-04-27","84","93","78"
"PKM00041780","JINNAH INTERNATIONAL, PK","2023-04-28","83","91",
"PKM00041780","JINNAH INTERNATIONAL, PK","2023-04-29","81","91",
"PKM00041780","JINNAH INTERNATIONAL, PK","2023-04-30","81","88","71"
"PKM00041780","JINNAH INTERNATIONAL, PK","2023-05-01","83","91","74"
"PKM00041780","JINNAH INTERNATIONAL, PK","2023-05-02","85","95","75"
"PKM00041780","JINNAH INTERNATIONAL, PK","2023-05-03","85","94","78"
"PKM00041780","JINNAH INTERNATIONAL, PK","2023-05-04","86","94","76"
"PKM00041780","JINNAH INTERNATIONAL, PK","2023-05-05","86","94","79"
"PKM00041780","JINNAH INTERNATIONAL, PK","2023-05-06","87","96","79"
"PKM00041780","JINNAH INTERNATIONAL, PK","2023-05-07","87","95","80"
"PKM00041780","JINNAH INTERNATIONAL, PK","2023-05-08","87","96","79"
"PKM00041780","JINNAH INTERNATIONAL, PK","2023-05-09","87","97","79"
"PKM00041780","JINNAH INTERNATIONAL, PK","2023-05-10","89","102","79"
"PKM00041780","JINNAH INTERNATIONAL, PK","2023-05-11","90","105","81"
"PKM00041780","JINNAH INTERNATIONAL, PK","2023-05-12","91","101","81"
"PKM00041780","JINNAH INTERNATIONAL, PK","2023-05-13","90","100","83"
"PKM00041780","JINNAH INTERNATIONAL, PK","2023-05-14","88","97","82"
"PKM00041780","JINNAH INTERNATIONAL, PK","2023-05-15","88","95","83"
"PKM00041780","JINNAH INTERNATIONAL, PK","2023-05-16","88","95","83"
"PKM00041780","JINNAH INTERNATIONAL, PK","2023-05-17","88","95","83"
"PKM00041780","JINNAH INTERNATIONAL, PK","2023-05-18","89","95","82"
"PKM00041780","JINNAH INTERNATIONAL, PK","2023-05-19","89","98",
"PKM00041780","JINNAH INTERNATIONAL, PK","2023-05-20","88","95","82"
"PKM00041780","JINNAH INTERNATIONAL, PK","2023-05-21","88","95","82"
"PKM00041780","JINNAH INTERNATIONAL, PK","2023-05-22","88","94","83"
"PKM00041780","JINNAH INTERNATIONAL, PK","2023-05-23","88","95","84"
"PKM00041780","JINNAH INTERNATIONAL, PK","2023-05-24","88","95","83"
"PKM00041780","JINNAH INTERNATIONAL, PK","2023-05-25","89","95","84"
"PKM00041780","JINNAH INTERNATIONAL, PK","2023-05-26","88","96","85"
"PKM00041780","JINNAH INTERNATIONAL, PK","2023-05-27","89","95","84"
"PKM00041780","JINNAH INTERNATIONAL, PK","2023-05-28","89","96",
"PKM00041780","JINNAH INTERNATIONAL, PK","2023-05-29","89","96","84"
"PKM00041780","JINNAH INTERNATIONAL, PK","2023-05-30","89","95","84"
"PKM00041780","JINNAH INTERNATIONAL, PK","2023-05-31","88","94","82"
"PKM00041780","JINNAH INTERNATIONAL, PK","2023-06-01","88",,"84"
"PKM00041780","JINNAH INTERNATIONAL, PK","2023-06-02","89","96","84"
"PKM00041780","JINNAH INTERNATIONAL, PK","2023-06-03","90","98","84"
"PKM00041780","JINNAH INTERNATIONAL, PK","2023-06-04","89","96","84"
"PKM00041780","JINNAH INTERNATIONAL, PK","2023-06-05","89","96","83"
"PKM00041780","JINNAH INTERNATIONAL, PK","2023-06-06","90","96","85"
"PKM00041780","JINNAH INTERNATIONAL, PK","2023-06-07","90","98",
"PKM00041780","JINNAH INTERNATIONAL, PK","2023-06-08","89","96","84"
"PKM00041780","JINNAH INTERNATIONAL, PK","2023-06-09","89","95","85"
"PKM00041780","JINNAH INTERNATIONAL, PK","2023-06-10","89","96","84"
"PKM00041780","JINNAH INTERNATIONAL, PK","2023-06-11","93","100",
"PKM00041780","JINNAH INTERNATIONAL, PK","2023-06-12","95","105","86"
"PKM00041780","JINNAH INTERNATIONAL, PK","2023-06-13","91","102","87"
"PKM00041780","JINNAH INTERNATIONAL, PK","2023-06-14","87","94","84"
"PKM00041780","JINNAH INTERNATIONAL, PK","2023-06-15","86","95",
"PKM00041780","JINNAH INTERNATIONAL, PK","2023-06-16","91","101","81"
"PKM00041780","JINNAH INTERNATIONAL, PK","2023-06-17","90","96",
"PKM00041780","JINNAH INTERNATIONAL, PK","2023-06-18","88","95","85"
"PKM00041780","JINNAH INTERNATIONAL, PK","2023-06-19","89","95","85"
"PKM00041780","JINNAH INTERNATIONAL, PK","2023-06-20","89","95","85"
"PKM00041780","JINNAH INTERNATIONAL, PK","2023-06-21","89","94","85"
"PKM00041780","JINNAH INTERNATIONAL, PK","2023-06-22","89","95","85"
"PKM00041780","JINNAH INTERNATIONAL, PK","2023-06-23","90","96","85"
"PKM00041780","JINNAH INTERNATIONAL, PK","2023-06-24","91",,
"PKM00041780","JINNAH INTERNATIONAL, PK","2023-06-25","90","98","85"
"PKM00041780","JINNAH INTERNATIONAL, PK","2023-06-26","90",,"86"
"PKM00041780","JINNAH INTERNATIONAL, PK","2023-06-27","91","99","84"
"PKM00041780","JINNAH INTERNATIONAL, PK","2023-06-28","90","97","84"
"PKM00041780","JINNAH INTERNATIONAL, PK","2023-06-29","90","96","85"
"PKM00041780","JINNAH INTERNATIONAL, PK","2023-06-30","90","96","86"
"PKM00041780","JINNAH INTERNATIONAL, PK","2023-07-01","91","98","86"
"PKM00041780","JINNAH INTERNATIONAL, PK","2023-07-02","91","98","86"
"PKM00041780","JINNAH INTERNATIONAL, PK","2023-07-03","91","100",
"PKM00041780","JINNAH INTERNATIONAL, PK","2023-07-04","90","97","85"
"PKM00041780","JINNAH INTERNATIONAL, PK","2023-07-05","90","96","86"
"PKM00041780","JINNAH INTERNATIONAL, PK","2023-07-06","90",,"86"
"PKM00041780","JINNAH INTERNATIONAL, PK","2023-07-07","91","101","87"
"PKM00041780","JINNAH INTERNATIONAL, PK","2023-07-08","88","96",
"PKM00041780","JINNAH INTERNATIONAL, PK","2023-07-09","90","97","79"
"PKM00041780","JINNAH INTERNATIONAL, PK","2023-07-10","90","96","85"
"PKM00041780","JINNAH INTERNATIONAL, PK","2023-07-11","90","97","85"
"PKM00041780","JINNAH INTERNATIONAL, PK","2023-07-12","89","95","85"
"PKM00041780","JINNAH INTERNATIONAL, PK","2023-07-13","88","94","85"
"PKM00041780","JINNAH INTERNATIONAL, PK","2023-07-14","88","93","84"
"PKM00041780","JINNAH INTERNATIONAL, PK","2023-07-15","88","92","84"
"PKM00041780","JINNAH INTERNATIONAL, PK","2023-07-16","86","90",
"PKM00041780","JINNAH INTERNATIONAL, PK","2023-07-17","89","95",
"PKM00041780","JINNAH INTERNATIONAL, PK","2023-07-18","89","94","83"
"PKM00041780","JINNAH INTERNATIONAL, PK","2023-07-19","88","94","84"
"PKM00041780","JINNAH INTERNATIONAL, PK","2023-07-20","89","97","85"
"PKM00041780","JINNAH INTERNATIONAL, PK","2023-07-21","89","99","85"
"PKM00041780","JINNAH INTERNATIONAL, PK","2023-07-22","89","95","84"
"PKM00041780","JINNAH INTERNATIONAL, PK","2023-07-23","89","98",
"PKM00041780","JINNAH INTERNATIONAL, PK","2023-07-24","86","94","83"
"PKM00041780","JINNAH INTERNATIONAL, PK","2023-07-25","84","88","80"
"PKM00041780","JINNAH INTERNATIONAL, PK","2023-07-26","88","94","81"
"PKM00041780","JINNAH INTERNATIONAL, PK","2023-07-27","87",,"83"
"PKM00041780","JINNAH INTERNATIONAL, PK","2023-07-28","86","90","82"
"PKM00041780","JINNAH INTERNATIONAL, PK","2023-07-29","86","92","82"
"PKM00041780","JINNAH INTERNATIONAL, PK","2023-07-30","87","91","82"
"PKM00041780","JINNAH INTERNATIONAL, PK","2023-07-31","86",,"83"
